{
  "pageElement" : {
    "pageElements" : [ {
      "definition" : {
        "fragmentStyle" : {
          "borderWidth" : "0",
          "marginBottom" : "4",
          "marginTop" : "4",
          "textAlign" : "",
          "width" : "100%"
        },
        "indexed" : true,
        "layout" : {
          "borderWidth" : 0,
          "contentDisplay" : "FlexRow",
          "justify" : "Center",
          "marginBottom" : 2,
          "marginLeft" : 0,
          "marginRight" : 0,
          "marginTop" : 2,
          "paddingBottom" : 0,
          "paddingLeft" : 0,
          "paddingRight" : 0,
          "paddingTop" : 0,
          "widthType" : "Fluid"
        }
      },
      "pageElements" : [ {
        "definition" : {
          "fragmentStyle" : {
            "borderWidth" : "0",
            "textAlign" : "",
            "width" : "1440px"
          },
          "indexed" : true,
          "layout" : {
            "align" : "Center",
            "borderWidth" : 0,
            "contentDisplay" : "FlexColumn",
            "marginBottom" : 0,
            "marginLeft" : 0,
            "marginRight" : 0,
            "marginTop" : 0,
            "paddingBottom" : 0,
            "paddingLeft" : 0,
            "paddingRight" : 0,
            "paddingTop" : 0,
            "widthType" : "Fluid"
          }
        },
        "pageElements" : [ {
          "definition" : {
            "customCSS" : ".[$FRAGMENT_CLASS$]{\n  width: 1440px;\n  height: 400px;\n  position: relative;\n  vertical-align: middle;\n  overflow: hidden;\n}\n\n.[$FRAGMENT_CLASS$] img {\n  margin: -350px 0 0 0;\n  overflow: hidden;\n}\n.[$FRAGMENT_CLASS$] section {\n  position: absolute;\n  top: 50%;\n  z-index: 100;\n  width: 50%;\n  -webkit-transform: translate(0, -50%);  \n  transform: translate(0 -50%); \n  opacity: 0.8;\n  background-color: #f9f9f9;\n}",
            "fragmentStyle" : {
              "borderWidth" : "0",
              "marginBottom" : "4",
              "textAlign" : ""
            },
            "indexed" : true,
            "layout" : {
              "borderWidth" : 0,
              "marginBottom" : 2,
              "marginLeft" : 0,
              "marginRight" : 0,
              "marginTop" : 0,
              "paddingBottom" : 0,
              "paddingLeft" : 0,
              "paddingRight" : 0,
              "paddingTop" : 0,
              "widthType" : "Fluid"
            }
          },
          "pageElements" : [ {
            "definition" : {
              "fragment" : {
                "key" : "BASIC_COMPONENT-image"
              },
              "fragmentConfig" : {
                "imageSize" : "w-100"
              },
              "fragmentFields" : [ {
                "id" : "image-square",
                "value" : {
                  "fragmentImage" : {
                    "url" : {
                      "mapping" : {
                        "fieldKey" : "JournalArticle_smallImage",
                        "itemReference" : {
                          "contextSource" : "DisplayPageItem"
                        }
                      }
                    }
                  },
                  "fragmentLink" : { }
                }
              } ],
              "fragmentStyle" : {
                "overflow" : "hidden",
                "textAlign" : "center"
              },
              "indexed" : true
            },
            "type" : "Fragment"
          }, {
            "definition" : {
              "fragmentStyle" : {
                "borderWidth" : "0",
                "paddingBottom" : "4",
                "paddingLeft" : "4",
                "paddingRight" : "4",
                "paddingTop" : "4",
                "textAlign" : ""
              },
              "htmlProperties" : {
                "htmlTag" : "Section"
              },
              "indexed" : true,
              "layout" : {
                "borderWidth" : 0,
                "marginBottom" : 0,
                "marginLeft" : 0,
                "marginRight" : 0,
                "marginTop" : 0,
                "paddingBottom" : 2,
                "paddingLeft" : 2,
                "paddingRight" : 2,
                "paddingTop" : 2,
                "widthType" : "Fluid"
              }
            },
            "pageElements" : [ {
              "definition" : {
                "fragment" : {
                  "key" : "BASIC_COMPONENT-heading"
                },
                "fragmentConfig" : {
                  "headingLevel" : "h1"
                },
                "fragmentFields" : [ {
                  "id" : "element-text",
                  "value" : {
                    "fragmentLink" : { },
                    "text" : {
                      "mapping" : {
                        "fieldKey" : "DDMStructure_Text45292999",
                        "itemReference" : {
                          "contextSource" : "DisplayPageItem"
                        }
                      }
                    }
                  }
                } ],
                "fragmentStyle" : {
                  "marginBottom" : "3",
                  "textAlign" : ""
                },
                "indexed" : true
              },
              "type" : "Fragment"
            }, {
              "definition" : {
                "fragment" : {
                  "key" : "BASIC_COMPONENT-paragraph"
                },
                "fragmentConfig" : { },
                "fragmentFields" : [ {
                  "id" : "element-text",
                  "value" : {
                    "fragmentLink" : { },
                    "text" : {
                      "mapping" : {
                        "fieldKey" : "DDMStructure_RichText27739105",
                        "itemReference" : {
                          "contextSource" : "DisplayPageItem"
                        }
                      }
                    }
                  }
                } ],
                "indexed" : true
              },
              "type" : "Fragment"
            } ],
            "type" : "Section"
          } ],
          "type" : "Section"
        }, {
          "definition" : {
            "fragmentStyle" : {
              "borderWidth" : "0",
              "marginLeft" : "3",
              "paddingLeft" : "3",
              "paddingRight" : "3",
              "textAlign" : "",
              "width" : "100%"
            },
            "indexed" : true,
            "layout" : {
              "borderWidth" : 0,
              "contentDisplay" : "FlexRow",
              "marginBottom" : 0,
              "marginLeft" : 1,
              "marginRight" : 0,
              "marginTop" : 0,
              "paddingBottom" : 0,
              "paddingLeft" : 1,
              "paddingRight" : 1,
              "paddingTop" : 0,
              "widthType" : "Fluid"
            }
          },
          "pageElements" : [ {
            "definition" : {
              "fragment" : {
                "key" : "BASIC_COMPONENT-tabs"
              },
              "fragmentConfig" : {
                "persistSelectedTab" : true,
                "numberOfTabs" : 3
              },
              "fragmentFields" : [ {
                "id" : "title1",
                "value" : {
                  "fragmentLink" : { },
                  "text" : {
                    "value_i18n" : {
                      "en_GB" : "Learning objectives"
                    }
                  }
                }
              }, {
                "id" : "title2",
                "value" : {
                  "fragmentLink" : { },
                  "text" : {
                    "value_i18n" : {
                      "en_GB" : "Is it right for me?"
                    }
                  }
                }
              }, {
                "id" : "title3",
                "value" : {
                  "fragmentLink" : { },
                  "text" : {
                    "value_i18n" : {
                      "en_GB" : "Course content"
                    }
                  }
                }
              }, {
                "id" : "title4",
                "value" : {
                  "fragmentLink" : { }
                }
              } ],
              "fragmentStyle" : {
                "backgroundColor" : "whiteColor",
                "borderColor" : "gray500Color",
                "borderWidth" : "1",
                "textAlign" : ""
              },
              "indexed" : true
            },
            "pageElements" : [ {
              "pageElements" : [ {
                "definition" : {
                  "fragment" : {
                    "key" : "BASIC_COMPONENT-html"
                  },
                  "fragmentConfig" : { },
                  "fragmentFields" : [ {
                    "id" : "element-html",
                    "value" : {
                      "html" : {
                        "mapping" : {
                          "fieldKey" : "DDMStructure_RichText38428499",
                          "itemReference" : {
                            "contextSource" : "DisplayPageItem"
                          }
                        }
                      }
                    }
                  } ],
                  "fragmentStyle" : {
                    "marginBottom" : "3",
                    "marginLeft" : "3",
                    "marginRight" : "3",
                    "marginTop" : "3",
                    "textAlign" : ""
                  },
                  "indexed" : true
                },
                "type" : "Fragment"
              } ],
              "type" : "FragmentDropZone"
            }, {
              "pageElements" : [ {
                "definition" : {
                  "fragment" : {
                    "key" : "BASIC_COMPONENT-html"
                  },
                  "fragmentConfig" : { },
                  "fragmentFields" : [ {
                    "id" : "element-html",
                    "value" : {
                      "html" : {
                        "mapping" : {
                          "fieldKey" : "DDMStructure_RichText52102891",
                          "itemReference" : {
                            "contextSource" : "DisplayPageItem"
                          }
                        }
                      }
                    }
                  } ],
                  "fragmentStyle" : {
                    "marginBottom" : "3",
                    "marginLeft" : "3",
                    "marginRight" : "3",
                    "marginTop" : "3",
                    "textAlign" : ""
                  },
                  "indexed" : true
                },
                "type" : "Fragment"
              } ],
              "type" : "FragmentDropZone"
            }, {
              "pageElements" : [ {
                "definition" : {
                  "fragment" : {
                    "key" : "BASIC_COMPONENT-html"
                  },
                  "fragmentConfig" : { },
                  "fragmentFields" : [ {
                    "id" : "element-html",
                    "value" : {
                      "html" : {
                        "mapping" : {
                          "fieldKey" : "DDMStructure_RichText64279706",
                          "itemReference" : {
                            "contextSource" : "DisplayPageItem"
                          }
                        }
                      }
                    }
                  } ],
                  "fragmentStyle" : {
                    "paddingBottom" : "3",
                    "paddingLeft" : "3",
                    "paddingRight" : "3",
                    "paddingTop" : "3",
                    "textAlign" : ""
                  },
                  "indexed" : true
                },
                "type" : "Fragment"
              } ],
              "type" : "FragmentDropZone"
            } ],
            "type" : "Fragment"
          }, {
            "definition" : {
              "fragmentStyle" : {
                "borderWidth" : "0",
                "marginLeft" : "3",
                "minWidth" : "180px",
                "textAlign" : ""
              },
              "indexed" : true,
              "layout" : {
                "align" : "Start",
                "borderWidth" : 0,
                "contentDisplay" : "FlexRow",
                "justify" : "Center",
                "marginBottom" : 0,
                "marginLeft" : 1,
                "marginRight" : 0,
                "marginTop" : 0,
                "paddingBottom" : 0,
                "paddingLeft" : 0,
                "paddingRight" : 0,
                "paddingTop" : 0,
                "widthType" : "Fluid"
              }
            },
            "pageElements" : [ {
              "definition" : {
                "fragment" : {
                  "key" : "BASIC_COMPONENT-button"
                },
                "fragmentConfig" : {
                  "buttonType" : "secondary",
                  "buttonSize" : "nm"
                },
                "fragmentFields" : [ {
                  "id" : "link",
                  "value" : {
                    "fragmentLink" : {
                      "value" : {
                        "href" : {
                          "mapping" : {
                            "fieldKey" : "DDMStructure_Text98541217",
                            "itemReference" : {
                              "contextSource" : "DisplayPageItem"
                            }
                          }
                        }
                      }
                    },
                    "text" : {
                      "value_i18n" : {
                        "en_GB" : "Configure Course"
                      }
                    }
                  }
                } ],
                "indexed" : true
              },
              "type" : "Fragment"
            } ],
            "type" : "Section"
          } ],
          "type" : "Section"
        } ],
        "type" : "Section"
      } ],
      "type" : "Section"
    } ],
    "type" : "Root"
  },
  "settings" : {
    "colorSchemeName" : "01",
    "styleBook" : {
      "key" : "bre-group",
      "name" : "BRE Group"
    },
    "themeName" : "Liferaybotics B2B"
  },
  "version" : 1.1
}