{
  "pageElement" : {
    "pageElements" : [ {
      "definition" : {
        "fragmentStyle" : {
          "marginBottom" : "4",
          "marginTop" : "4",
          "width" : "100%"
        },
        "indexed" : true,
        "layout" : {
          "borderWidth" : 0,
          "contentDisplay" : "FlexRow",
          "justify" : "Center",
          "marginBottom" : 2,
          "marginLeft" : 0,
          "marginRight" : 0,
          "marginTop" : 2,
          "paddingBottom" : 0,
          "paddingLeft" : 0,
          "paddingRight" : 0,
          "paddingTop" : 0,
          "widthType" : "Fluid"
        }
      },
      "pageElements" : [ {
        "definition" : {
          "fragmentStyle" : {
            "width" : "1440px"
          },
          "indexed" : true,
          "layout" : {
            "align" : "Center",
            "borderWidth" : 0,
            "contentDisplay" : "FlexColumn",
            "marginBottom" : 0,
            "marginLeft" : 0,
            "marginRight" : 0,
            "marginTop" : 0,
            "paddingBottom" : 0,
            "paddingLeft" : 0,
            "paddingRight" : 0,
            "paddingTop" : 0,
            "widthType" : "Fluid"
          }
        },
        "pageElements" : [ {
          "definition" : {
            "customCSS" : ".[$FRAGMENT_CLASS$]{\n  width: 1440px;\n  height: 400px;\n  position: relative;\n  vertical-align: middle;\n  overflow: hidden;\n}\n\n.[$FRAGMENT_CLASS$] img {\n  margin: -350px 0 0 0;\n  overflow: hidden;\n}\n\n.[$FRAGMENT_CLASS$] section {\n  position: absolute;\n  top: 50%;\n  z-index: 100;\n  width: 50%;\n  -webkit-transform: translate(0, -50%);  \n  transform: translate(0 -50%); \n  opacity: 0.8;\n  background-color: #f9f9f9;\n}",
            "fragmentStyle" : {
              "marginBottom" : "4"
            },
            "indexed" : true,
            "layout" : {
              "borderWidth" : 0,
              "marginBottom" : 2,
              "marginLeft" : 0,
              "marginRight" : 0,
              "marginTop" : 0,
              "paddingBottom" : 0,
              "paddingLeft" : 0,
              "paddingRight" : 0,
              "paddingTop" : 0,
              "widthType" : "Fluid"
            }
          },
          "pageElements" : [ {
            "definition" : {
              "fragment" : {
                "key" : "BASIC_COMPONENT-image"
              },
              "fragmentConfig" : {
                "imageSize" : "w-100"
              },
              "fragmentFields" : [ {
                "id" : "image-square",
                "value" : {
                  "fragmentImage" : {
                    "url" : {
                      "mapping" : {
                        "fieldKey" : "JournalArticle_smallImage",
                        "itemReference" : {
                          "contextSource" : "DisplayPageItem"
                        }
                      }
                    }
                  },
                  "fragmentLink" : { }
                }
              } ],
              "fragmentStyle" : {
                "overflow" : "hidden",
                "textAlign" : "center"
              },
              "indexed" : true
            },
            "type" : "Fragment"
          }, {
            "definition" : {
              "fragmentStyle" : {
                "paddingBottom" : "4",
                "paddingLeft" : "4",
                "paddingRight" : "4",
                "paddingTop" : "4"
              },
              "htmlProperties" : {
                "htmlTag" : "Section"
              },
              "indexed" : true,
              "layout" : {
                "borderWidth" : 0,
                "marginBottom" : 0,
                "marginLeft" : 0,
                "marginRight" : 0,
                "marginTop" : 0,
                "paddingBottom" : 2,
                "paddingLeft" : 2,
                "paddingRight" : 2,
                "paddingTop" : 2,
                "widthType" : "Fluid"
              }
            },
            "pageElements" : [ {
              "definition" : {
                "fragment" : {
                  "key" : "BASIC_COMPONENT-heading"
                },
                "fragmentConfig" : {
                  "headingLevel" : "h1"
                },
                "fragmentFields" : [ {
                  "id" : "element-text",
                  "value" : {
                    "fragmentLink" : { },
                    "text" : {
                      "mapping" : {
                        "fieldKey" : "DDMStructure_Text45292999",
                        "itemReference" : {
                          "contextSource" : "DisplayPageItem"
                        }
                      }
                    }
                  }
                } ],
                "fragmentStyle" : {
                  "marginBottom" : "3"
                },
                "indexed" : true
              },
              "type" : "Fragment"
            }, {
              "definition" : {
                "fragment" : {
                  "key" : "BASIC_COMPONENT-paragraph"
                },
                "fragmentConfig" : { },
                "fragmentFields" : [ {
                  "id" : "element-text",
                  "value" : {
                    "fragmentLink" : { },
                    "text" : {
                      "mapping" : {
                        "fieldKey" : "DDMStructure_RichText27739105",
                        "itemReference" : {
                          "contextSource" : "DisplayPageItem"
                        }
                      }
                    }
                  }
                } ],
                "indexed" : true
              },
              "type" : "Fragment"
            } ],
            "type" : "Section"
          } ],
          "type" : "Section"
        }, {
          "definition" : {
            "fragmentStyle" : {
              "marginLeft" : "3",
              "paddingLeft" : "3",
              "paddingRight" : "3",
              "width" : "100%"
            },
            "indexed" : true,
            "layout" : {
              "borderWidth" : 0,
              "contentDisplay" : "FlexRow",
              "marginBottom" : 0,
              "marginLeft" : 1,
              "marginRight" : 0,
              "marginTop" : 0,
              "paddingBottom" : 0,
              "paddingLeft" : 1,
              "paddingRight" : 1,
              "paddingTop" : 0,
              "widthType" : "Fluid"
            }
          },
          "pageElements" : [ {
            "definition" : {
              "fragment" : {
                "key" : "BASIC_COMPONENT-tabs"
              },
              "fragmentConfig" : {
                "persistSelectedTab" : true,
                "numberOfTabs" : 3
              },
              "fragmentFields" : [ {
                "id" : "title1",
                "value" : {
                  "fragmentLink" : { },
                  "text" : {
                    "value_i18n" : {
                      "en_GB" : "Learning objectives"
                    }
                  }
                }
              }, {
                "id" : "title2",
                "value" : {
                  "fragmentLink" : { },
                  "text" : {
                    "value_i18n" : {
                      "en_GB" : "Is it right for me?"
                    }
                  }
                }
              }, {
                "id" : "title3",
                "value" : {
                  "fragmentLink" : { },
                  "text" : {
                    "value_i18n" : {
                      "en_GB" : "Course content"
                    }
                  }
                }
              } ],
              "fragmentStyle" : {
                "backgroundColor" : "whiteColor",
                "borderColor" : "gray500Color",
                "borderWidth" : "1"
              },
              "indexed" : true
            },
            "pageElements" : [ {
              "pageElements" : [ {
                "definition" : {
                  "fragment" : {
                    "key" : "BASIC_COMPONENT-html"
                  },
                  "fragmentConfig" : { },
                  "fragmentFields" : [ {
                    "id" : "element-html",
                    "value" : {
                      "html" : {
                        "mapping" : {
                          "fieldKey" : "DDMStructure_RichText38428499",
                          "itemReference" : {
                            "contextSource" : "DisplayPageItem"
                          }
                        }
                      }
                    }
                  } ],
                  "fragmentStyle" : {
                    "marginBottom" : "3",
                    "marginLeft" : "3",
                    "marginRight" : "3",
                    "marginTop" : "3"
                  },
                  "indexed" : true
                },
                "type" : "Fragment"
              } ],
              "type" : "FragmentDropZone"
            }, {
              "pageElements" : [ {
                "definition" : {
                  "fragment" : {
                    "key" : "BASIC_COMPONENT-html"
                  },
                  "fragmentConfig" : { },
                  "fragmentFields" : [ {
                    "id" : "element-html",
                    "value" : {
                      "html" : {
                        "mapping" : {
                          "fieldKey" : "DDMStructure_RichText52102891",
                          "itemReference" : {
                            "contextSource" : "DisplayPageItem"
                          }
                        }
                      }
                    }
                  } ],
                  "fragmentStyle" : {
                    "marginBottom" : "3",
                    "marginLeft" : "3",
                    "marginRight" : "3",
                    "marginTop" : "3"
                  },
                  "indexed" : true
                },
                "type" : "Fragment"
              } ],
              "type" : "FragmentDropZone"
            }, {
              "pageElements" : [ {
                "definition" : {
                  "fragment" : {
                    "key" : "BASIC_COMPONENT-html"
                  },
                  "fragmentConfig" : { },
                  "fragmentFields" : [ {
                    "id" : "element-html",
                    "value" : {
                      "html" : {
                        "mapping" : {
                          "fieldKey" : "DDMStructure_RichText64279706",
                          "itemReference" : {
                            "contextSource" : "DisplayPageItem"
                          }
                        }
                      }
                    }
                  } ],
                  "fragmentStyle" : {
                    "paddingBottom" : "3",
                    "paddingLeft" : "3",
                    "paddingRight" : "3",
                    "paddingTop" : "3"
                  },
                  "indexed" : true
                },
                "type" : "Fragment"
              } ],
              "type" : "FragmentDropZone"
            } ],
            "type" : "Fragment"
          }, {
            "definition" : {
              "fragmentStyle" : {
                "marginLeft" : "3",
                "minWidth" : "180px"
              },
              "indexed" : true,
              "layout" : {
                "align" : "Start",
                "borderWidth" : 0,
                "contentDisplay" : "FlexRow",
                "justify" : "Center",
                "marginBottom" : 0,
                "marginLeft" : 1,
                "marginRight" : 0,
                "marginTop" : 0,
                "paddingBottom" : 0,
                "paddingLeft" : 0,
                "paddingRight" : 0,
                "paddingTop" : 0,
                "widthType" : "Fluid"
              }
            },
            "pageElements" : [ {
              "definition" : {
                "fragment" : {
                  "key" : "BASIC_COMPONENT-button"
                },
                "fragmentConfig" : {
                  "buttonType" : "secondary",
                  "buttonSize" : "nm"
                },
                "fragmentFields" : [ {
                  "id" : "link",
                  "value" : {
                    "fragmentLink" : {
                      "value" : {
                        "href" : {
                          "mapping" : {
                            "fieldKey" : "DDMStructure_Text54425713",
                            "itemReference" : {
                              "contextSource" : "DisplayPageItem"
                            }
                          }
                        }
                      }
                    },
                    "text" : {
                      "value_i18n" : {
                        "en_GB" : "Configure Course"
                      }
                    }
                  }
                } ],
                "indexed" : true
              },
              "type" : "Fragment"
            } ],
            "type" : "Section"
          } ],
          "type" : "Section"
        } ],
        "type" : "Section"
      } ],
      "type" : "Section"
    } ],
    "type" : "Root"
  },
  "settings" : {
    "colorSchemeName" : "01",
    "javascript" : "function clearSelectOptions(id) {\n    var selectobject = document.getElementById(id);\n    for (var i = 0; i < selectobject.length; i++) {\n      selectobject.remove(i);\n    }\n  }\n  function loadCarts(channelId, currencyCode) {\n    clearSelectOptions(\"carts\");\n    var accountId = document.getElementById(\"accounts\").value;\n    console.log(accountId)\n    Liferay.Util.fetch(\n      '/o/headless-commerce-delivery-cart/v1.0/channels/' + channelId + '/account/' + accountId + '/carts'\n    ).then(\n      response => {\n        const { status } = response;\n\n        const responseContentType = response.headers.get('content-type');\n\n        if (status === 204) {\n          return { status };\n        }\n        else if (response.ok && responseContentType === 'application/json') {\n          return response.json();\n        }\n        else {\n          return response.text();\n        }\n      }\n    ).then(response => {\n\n      for (var index = 0; index < response.totalCount; index++) {\n        var item = response.items[index];\n        var option = document.createElement(\"option\");\n        option.text = item.id;\n        option.value = item.id;\n        var select = document.getElementById(\"carts\");\n        select.appendChild(option);\n      }\n      if (response.totalCount == 0)\n        createCart();\n    });\n  }\n  function createCart(channelId, currencyCode) {\n    var channelId = channelId;\n    var accountId = document.getElementById(\"accounts\").value;\n    let contentType = 'application/json';\n    let data = {\n      \"accountId\": accountId,\n      \"currencyCode\": currencyCode\n    };\n    let method = 'POST';\n\n    let request;\n\n    if (contentType === 'application/json') {\n      request = {\n        body: JSON.stringify(data),\n        headers: {\n          'Content-Type': contentType\n        },\n        method: method\n      };\n    }\n    else if (contentType === 'multipart/form-data') {\n      const formData = new FormData();\n\n      for (const name in data) {\n        formData.append(name, data[name]);\n      }\n\n      request = {\n        body: formData,\n        method: method\n      };\n    }\n\n    Liferay.Util.fetch(\n      '/o/headless-commerce-delivery-cart/v1.0/channels/' + channelId + '/carts',\n      request\n    ).then(\n      response => {\n        const { status } = response;\n\n        const responseContentType = response.headers.get('content-type');\n\n        if (status === 204) {\n          return { status };\n        }\n        else if (response.ok && responseContentType === 'application/json') {\n          return response.json();\n        }\n        else {\n          return response.text();\n        }\n      }\n    ).then(response => {\n      loadCarts();\n    });\n  }\n  function addToCart(skuId) {\n    let contentType = 'application/json';\n    let data = {\n      \"quantity\": \"1\",\n      \"skuId\": skuId,\n      options: \"[]\"\n    };\n    let method = 'POST';\n\n    let request;\n\n    if (contentType === 'application/json') {\n      request = {\n        body: JSON.stringify(data),\n        headers: {\n          'Content-Type': contentType\n        },\n        method: method\n      };\n    }\n    else if (contentType === 'multipart/form-data') {\n      const formData = new FormData();\n\n      for (const name in data) {\n        formData.append(name, data[name]);\n      }\n\n      request = {\n        body: formData,\n        method: method\n      };\n    }\n    cartId = document.getElementById(\"carts\").value;\n    Liferay.Util.fetch(\n      '/o/headless-commerce-delivery-cart/v1.0/carts/' + cartId + '/items',\n      request\n    ).then(\n      response => {\n        const { status } = response;\n\n        const responseContentType = response.headers.get('content-type');\n\n        if (status === 204) {\n          return { status };\n        }\n        else if (response.ok && responseContentType === 'application/json') {\n          return response.json();\n        }\n        else {\n          return response.text();\n        }\n      }\n    ).then(response => {\n      alert(\"Product Id:\" + response.id + \" has been added to your cart!\");\n    });\n  }\n  function loadAccounts(channelId, currencyCode) {\n    clearSelectOptions(\"accounts\");\n    Liferay.Util.fetch(\n      '/o/headless-commerce-admin-account/v1.0/accounts'\n    ).then(\n      response => {\n        const { status } = response;\n\n        const responseContentType = response.headers.get('content-type');\n\n        if (status === 204) {\n          return { status };\n        }\n        else if (response.ok && responseContentType === 'application/json') {\n          return response.json();\n        }\n        else {\n          return response.text();\n        }\n      }\n    ).then(response => {\n      for (var index = 0; index < response.items.length; index++) {\n        var item = response.items[index];\n        var option = document.createElement(\"option\");\n        option.text = item.name;\n        option.value = item.id;\n        var select = document.getElementById(\"accounts\");\n        select.appendChild(option);\n      }\n      loadCarts(channelId, currencyCode);\n    });\n  }",
    "styleBook" : {
      "key" : "bre-group",
      "name" : "BRE Group"
    },
    "themeName" : "Liferaybotics B2B"
  },
  "version" : 1.1
}